5, 7.08728471019e-245,5.6652989725e-239,7.67607637529e-260,2.6888334703e-235,0.0,
10, 7.08728471019e-245,5.6652989725e-239,1.78564101443e-199,3.14292497177e-224,1.16213034869e-176,7.67607637529e-260,4.00329467908e-186,7.18527527336e-176,2.6888334703e-235,0.0,
20, 7.08728471019e-245,5.6652989725e-239,1.78564101443e-199,2.49384811792e-165,4.914535218e-138,4.90776884336e-132,7.1592785209e-174,3.14292497177e-224,1.16213034869e-176,7.67607637529e-260,6.81840967476e-148,4.00329467908e-186,1.10389818944e-136,3.07521828113e-127,2.25437117055e-118,7.18527527336e-176,2.6888334703e-235,4.19440194857e-159,1.20703661707e-149,0.0,
30, 7.08728471019e-245,5.6652989725e-239,1.78564101443e-199,5.51991490157e-113,2.49384811792e-165,4.914535218e-138,4.90776884336e-132,5.8433120264e-113,7.1592785209e-174,3.14292497177e-224,1.16213034869e-176,7.67607637529e-260,6.81840967476e-148,6.96117287258e-117,4.00329467908e-186,1.10389818944e-136,3.07521828113e-127,6.54931878538e-96,2.25437117055e-118,1.23825530344e-110,7.18527527336e-176,2.6888334703e-235,2.69577605176e-118,4.19440194857e-159,2.646010781e-116,1.20703661707e-149,1.33877457493e-110,0.0,4.47037235488e-101,7.1149501901e-105,
40, 7.08728471019e-245,5.6652989725e-239,1.78564101443e-199,5.51991490157e-113,2.49384811792e-165,4.914535218e-138,1.01155781409e-85,4.90776884336e-132,5.8433120264e-113,7.1592785209e-174,3.14292497177e-224,7.87212148693e-83,1.16213034869e-176,7.67607637529e-260,6.81840967476e-148,9.33276753243e-84,2.61691265751e-89,6.96117287258e-117,4.00329467908e-186,1.10389818944e-136,3.07521828113e-127,2.0080854639e-89,6.54931878538e-96,2.25437117055e-118,7.62896569133e-84,1.23825530344e-110,7.18527527336e-176,2.6888334703e-235,2.69577605176e-118,1.45184808072e-94,4.19440194857e-159,2.90774883033e-94,2.20268932254e-82,2.646010781e-116,1.33958552679e-84,1.20703661707e-149,1.33877457493e-110,0.0,4.47037235488e-101,7.1149501901e-105,
50, 7.08728471019e-245,5.6652989725e-239,1.78564101443e-199,5.51991490157e-113,2.49384811792e-165,4.914535218e-138,1.01155781409e-85,1.53762080778e-73,4.90776884336e-132,5.8433120264e-113,7.1592785209e-174,3.14292497177e-224,7.87212148693e-83,1.44359332817e-79,1.16213034869e-176,7.67607637529e-260,6.81840967476e-148,9.33276753243e-84,2.61691265751e-89,6.96117287258e-117,4.00329467908e-186,1.10389818944e-136,3.07521828113e-127,2.0080854639e-89,6.54931878538e-96,2.25437117055e-118,7.62896569133e-84,6.37661852944e-81,1.23825530344e-110,7.18527527336e-176,1.0327385968e-75,2.6888334703e-235,3.89936289955e-69,2.69577605176e-118,1.45184808072e-94,8.51090841071e-73,4.01321481039e-82,4.19440194857e-159,2.90774883033e-94,2.20268932254e-82,1.21331258637e-73,2.646010781e-116,3.3958901803e-72,1.33958552679e-84,1.20703661707e-149,1.25203591553e-79,1.33877457493e-110,0.0,4.47037235488e-101,7.1149501901e-105,
 0.37, 0.390625
 a) Commonly in both are 0 (first person), 1 (second person), 2 (third person), 5 (future tense), 6 (number of commas), 7 (multi punct), 16 (number sentences), 20 (std dev AoA), 21(std dev IMG), 29 (std dev D). This is not surprising, as verbosity varies between these subreddits quite significantly. These common features appear to separate data well, both on lower and higher amounts.
b) P-Values are much more significantly (lower) with more data. This is more likely due to the reduction in variance of the unbiased estimator with increased input data (assuming it scales as such).
c) 0 (first person), 1 (second person), 21 (std dev AoA), 120, 159. As mentioned in a), these key words likely represent these subreddits well in certains ways compared to others, allowing for a separation.
